-- group members:
---- Chaitanya Ganni    - G01413209
---- Alfonso Romero     - G01223674
---- Kumar Shubham      - G01402581
---- Karthik Vanka      - G01371117 
-- assignment: Project Component 3
-- course: CS 550 Database Systems
-- professor: Dr. Wassim Itani

-- Inserts 20 family records into the FAMILIES table.
BEGIN
INSERT INTO FAMILIES VALUES (1, 'Smith', 4);
INSERT INTO FAMILIES VALUES (2, 'Johnson', 3);
INSERT INTO FAMILIES VALUES (3, 'Brown', 2);
INSERT INTO FAMILIES VALUES (4, 'Davis', 1);
INSERT INTO FAMILIES VALUES (5, 'Miller', 4);
INSERT INTO FAMILIES VALUES (6, 'Wilson', 3);
INSERT INTO FAMILIES VALUES (7, 'Moore', 2);
INSERT INTO FAMILIES VALUES (8, 'Taylor', 1);
INSERT INTO FAMILIES VALUES (9, 'Anderson', 4);
INSERT INTO FAMILIES VALUES (10, 'Thomas', 3);
INSERT INTO FAMILIES VALUES (11, 'Jackson', 2);
INSERT INTO FAMILIES VALUES (12, 'White', 1);
INSERT INTO FAMILIES VALUES (13, 'Harris', 3);
INSERT INTO FAMILIES VALUES (14, 'Martin', 4);
INSERT INTO FAMILIES VALUES (15, 'Thompson', 3);
INSERT INTO FAMILIES VALUES (16, 'Garcia', 2);
INSERT INTO FAMILIES VALUES (17, 'Martinez', 1);
INSERT INTO FAMILIES VALUES (18, 'Jones', 3);
INSERT INTO FAMILIES VALUES (19, 'Clark', 3);
INSERT INTO FAMILIES VALUES (20, 'Stewart', 1);
END;
/
COMMIT;

-- Inserts 50 customer records into the CUSTOMERS table
BEGIN
INSERT INTO CUSTOMERS VALUES (1, 'John Smith', TO_DATE('15-01-1960', 'DD-MM-YYYY'), 'Male', 'Married', 'Engineer', '123-45-6000', 'Y', 'john.smith@email.com', 1);
INSERT INTO CUSTOMERS VALUES (2, 'Mary Smith', TO_DATE('20-03-1965', 'DD-MM-YYYY'), 'Female', 'Married', 'Teacher', '987-65-4322', 'Y', 'mary.smith@email.com', 1);
INSERT INTO CUSTOMERS VALUES (3, 'Robert Smith', TO_DATE('10-07-1985', 'DD-MM-YYYY'), 'Male', 'Single', 'Accountant', '456-78-9013', 'Y', 'robert.smith@email.com', 1);
INSERT INTO CUSTOMERS VALUES (4, 'Emily Smith', TO_DATE('30-05-1987', 'DD-MM-YYYY'), 'Female', 'Single', 'Doctor', '789-01-2346', 'Y', 'emily.smith@email.com', 1);
INSERT INTO CUSTOMERS VALUES (5, 'Mary Johnson', TO_DATE('20-06-1970', 'DD-MM-YYYY'), 'Female', 'Single', 'Teacher', '987-65-4324', 'Y', 'mary.johnson@email.com', 2); 
INSERT INTO CUSTOMERS VALUES (6, 'Michael Johnson', TO_DATE('03-09-1972', 'DD-MM-YYYY'), 'Male', 'Single', 'Teacher', '123-45-6001', 'Y', 'michael.johnson@email.com', 2);
INSERT INTO CUSTOMERS VALUES (7, 'Liam Johnson', TO_DATE('15-12-1990', 'DD-MM-YYYY'), 'Male', 'Single', 'Engineer', '123-45-6002', 'Y', 'liam.johnson@email.com', 2);
INSERT INTO CUSTOMERS VALUES (8, 'David Brown', TO_DATE('10-09-1980', 'DD-MM-YYYY'), 'Male', 'Married', 'Doctor', '456-78-9124', 'Y', 'david.brown@email.com', 3);
INSERT INTO CUSTOMERS VALUES (9, 'Jamie Brown', TO_DATE('10-02-1992', 'DD-MM-YYYY'), 'Male', 'Married', 'Engineer', '456-78-9015', 'Y', 'jamie.brown@email.com', 3);
INSERT INTO CUSTOMERS VALUES (10, 'Elizabeth Davis', TO_DATE('15-07-1984', 'DD-MM-YYYY'), 'Female', 'Married', 'Doctor', '234-56-7891', 'Y', 'elizabeth.davis@email.com', 4);
INSERT INTO CUSTOMERS VALUES (11, 'James Miller', TO_DATE('10-02-1975', 'DD-MM-YYYY'), 'Male', 'Married', 'Engineer', '456-78-9016', 'Y', 'james.miller@email.com', 5);
INSERT INTO CUSTOMERS VALUES (12, 'Emily Miller', TO_DATE('25-09-1975', 'DD-MM-YYYY'), 'Female', 'Married', 'Teacher', '789-01-2347', 'Y', 'emily.miller@email.com', 5);
INSERT INTO CUSTOMERS VALUES (13, 'Michael Miller', TO_DATE('15-06-1992', 'DD-MM-YYYY'), 'Male', 'Single', 'Accountant', '123-45-6003', 'Y', 'michael.miller@email.com', 5);
INSERT INTO CUSTOMERS VALUES (14, 'Sarah Miller', TO_DATE('08-03-1998', 'DD-MM-YYYY'), 'Female', 'Single', 'Doctor', '987-65-4325', 'Y', 'sarah.miller@email.com', 5);
INSERT INTO CUSTOMERS VALUES (15, 'William Wilson', TO_DATE('29-11-1976', 'DD-MM-YYYY'), 'Male', 'Married', 'Artist', '567-89-0125', 'Y', 'william.wilson@email.com', 6);
INSERT INTO CUSTOMERS VALUES (16, 'Sophie Wilson', TO_DATE('25-09-1972', 'DD-MM-YYYY'), 'Female', 'Married', 'Doctor', '345-67-8903', 'Y', 'sophie.wilson@email.com', 6);
INSERT INTO CUSTOMERS VALUES (17, 'Ethan Wilson', TO_DATE('02-11-1992', 'DD-MM-YYYY'), 'Male', 'Single', 'Doctor', '123-45-6004', 'Y', 'ethan.wilson@email.com', 6);
INSERT INTO CUSTOMERS VALUES (18, 'Tony Moore', TO_DATE('29-11-1976', 'DD-MM-YYYY'), 'Male', 'Married', 'Artist', '567-89-0126', 'Y', 'tony.moore@email.com', 7);
INSERT INTO CUSTOMERS VALUES (19, 'Kate Moore', TO_DATE('30-11-1974', 'DD-MM-YYYY'), 'Female', 'Married', 'Accountant', '566-89-1026', 'Y', 'kate.moore@email.com', 7);
INSERT INTO CUSTOMERS VALUES (20, 'Olivia Taylor', TO_DATE('12-03-1983', 'DD-MM-YYYY'), 'Female', 'Married', 'Lawyer', '678-90-1236', 'Y', 'olivia.taylor@email.com', 8);
INSERT INTO CUSTOMERS VALUES (21, 'Mia Anderson', TO_DATE('15-08-1990', 'DD-MM-YYYY'), 'Female', 'Single', 'Engineer', '765-43-2107', 'Y', 'mia.anderson@email.com', 9);
INSERT INTO CUSTOMERS VALUES (22, 'Noah Anderson', TO_DATE('20-02-1990', 'DD-MM-YYYY'), 'Male', 'Single', 'Accountant', '234-56-7893', 'Y', 'noah.anderson@email.com', 9);
INSERT INTO CUSTOMERS VALUES (23, 'Olivia Anderson', TO_DATE('12-07-1995', 'DD-MM-YYYY'), 'Female', 'Single', 'Teacher', '456-78-9017', 'Y', 'olivia.anderson@email.com', 9);
INSERT INTO CUSTOMERS VALUES (24, 'Ethan Anderson', TO_DATE('25-11-1983', 'DD-MM-YYYY'), 'Male', 'Single', 'Artist', '123-45-6006', 'Y', 'ethan.anderson@email.com', 9);
INSERT INTO CUSTOMERS VALUES (25, 'Sarah Thomas', TO_DATE('08-04-1963', 'DD-MM-YYYY'), 'Female', 'Married', 'Lawyer', '456-78-9019', 'Y', 'sarah.thomas@email.com', 10);
INSERT INTO CUSTOMERS VALUES (26, 'Matthew Thomas', TO_DATE('15-09-1963', 'DD-MM-YYYY'), 'Male', 'Married', 'Lawyer', '789-01-2349', 'Y', 'matthew.thomas@email.com', 10);
INSERT INTO CUSTOMERS VALUES (27, 'Emily Thomas', TO_DATE('20-03-1993', 'DD-MM-YYYY'), 'Female', 'Single', 'Lawyer', '987-65-4328', 'Y', 'emily.thomas@email.com', 10);
INSERT INTO CUSTOMERS VALUES (28, 'Olivia Jackson', TO_DATE('12-06-1991', 'DD-MM-YYYY'), 'Female', 'Single', 'Engineer', '345-67-8907', 'Y', 'olivia.jackson@email.com', 11);
INSERT INTO CUSTOMERS VALUES (29, 'Liam Jackson', TO_DATE('23-04-1987', 'DD-MM-YYYY'), 'Male', 'Single', 'Doctor', '567-89-0129', 'Y', 'liam.jackson@email.com', 11);
INSERT INTO CUSTOMERS VALUES (30, 'Jacob White', TO_DATE('28-05-1988', 'DD-MM-YYYY'), 'Male', 'Single', 'Doctor', '890-12-3461', 'Y', 'jacob.white@email.com', 12);
INSERT INTO CUSTOMERS VALUES (31, 'Emma Harris', TO_DATE('05-09-1991', 'DD-MM-YYYY'), 'Female', 'Married', 'Engineer', '234-56-7894', 'Y', 'emma.harris@email.com', 13);
INSERT INTO CUSTOMERS VALUES (32, 'William Harris', TO_DATE('17-06-1987', 'DD-MM-YYYY'), 'Male', 'Married', 'Doctor', '345-67-8910', 'Y', 'william.harris@email.com', 13);
INSERT INTO CUSTOMERS VALUES (33, 'Ava Harris', TO_DATE('21-03-1997', 'DD-MM-YYYY'), 'Female', 'Single', 'Teacher', '456-78-9020', 'Y', 'ava.harris@email.com', 13);
INSERT INTO CUSTOMERS VALUES (34, 'Emma Martin', TO_DATE('15-06-1991', 'DD-MM-YYYY'), 'Female', 'Married', 'Engineer', '678-90-1238', 'Y', 'emma.martin@email.com', 14);
INSERT INTO CUSTOMERS VALUES (35, 'William Martin', TO_DATE('20-12-1990', 'DD-MM-YYYY'), 'Male', 'Married', 'Engineer', '789-01-2351', 'Y', 'william.martin@email.com', 14);
INSERT INTO CUSTOMERS VALUES (36, 'Ava Martin', TO_DATE('28-03-1994', 'DD-MM-YYYY'), 'Female', 'Single', 'Engineer', '890-12-3463', 'Y', 'ava.martin@email.com', 14);
INSERT INTO CUSTOMERS VALUES (37, 'James Martin', TO_DATE('10-08-1987', 'DD-MM-YYYY'), 'Male', 'Single', 'Engineer', '901-23-4568', 'Y', 'james.martin@email.com', 14);
INSERT INTO CUSTOMERS VALUES (38, 'Olivia Thompson', TO_DATE('22-05-1987', 'DD-MM-YYYY'), 'Female', 'Married', 'Engineer', '345-67-8909', 'Y', 'olivia.thompson@email.com', 15);
INSERT INTO CUSTOMERS VALUES (39, 'Michael Thompson', TO_DATE('18-10-1988', 'DD-MM-YYYY'), 'Male', 'Married', 'Accountant', '456-78-9018', 'Y', 'michael.thompson@email.com', 15);
INSERT INTO CUSTOMERS VALUES (40, 'Sophia Thompson', TO_DATE('30-03-1995', 'DD-MM-YYYY'), 'Female', 'Single', 'Teacher', '567-89-0127', 'Y', 'sophia.thompson@email.com', 15);
INSERT INTO CUSTOMERS VALUES (41, 'Isabella Garcia', TO_DATE('08-07-1993', 'DD-MM-YYYY'), 'Female', 'Single', 'Engineer', '678-90-1240', 'Y', 'isabella.garcia@email.com', 16);
INSERT INTO CUSTOMERS VALUES (42, 'David Garcia', TO_DATE('15-12-1990', 'DD-MM-YYYY'), 'Male', 'Single', 'Accountant', '789-01-2353', 'Y', 'david.garcia@email.com', 16);
INSERT INTO CUSTOMERS VALUES (43, 'Emma Martinez', TO_DATE('18-12-1989', 'DD-MM-YYYY'), 'Female', 'Single', 'Engineer', '890-12-3465', 'Y', 'emma.martinez@email.com', 17);
INSERT INTO CUSTOMERS VALUES (44, 'Sophia Jones', TO_DATE('12-04-1992', 'DD-MM-YYYY'), 'Female', 'Single', 'Engineer', '345-67-8912', 'Y', 'sophia.jones@email.com', 18);
INSERT INTO CUSTOMERS VALUES (45, 'Daniel Jones', TO_DATE('25-09-1990', 'DD-MM-YYYY'), 'Male', 'Single', 'Accountant', '456-78-9022', 'Y', 'daniel.jones@email.com', 18);
INSERT INTO CUSTOMERS VALUES (46, 'Olivia Jones', TO_DATE('28-07-1988', 'DD-MM-YYYY'), 'Female', 'Single', 'Teacher', '567-89-0128', 'Y', 'olivia.jones@email.com', 18);
INSERT INTO CUSTOMERS VALUES (47, 'Emily Clark', TO_DATE('15-06-1990', 'DD-MM-YYYY'), 'Female', 'Single', 'Engineer', '678-90-1242', 'Y', 'emily.clark@email.com', 19);
INSERT INTO CUSTOMERS VALUES (48, 'Jacob Clark', TO_DATE('08-12-1987', 'DD-MM-YYYY'), 'Male', 'Single', 'Accountant', '789-01-2355', 'Y', 'jacob.clark@email.com', 19);
INSERT INTO CUSTOMERS VALUES (49, 'Ava Clark', TO_DATE('30-03-1994', 'DD-MM-YYYY'), 'Female', 'Single', 'Doctor', '890-12-3467', 'Y', 'ava.clark@email.com', 19);
INSERT INTO CUSTOMERS VALUES (50, 'Sophie Stewart', TO_DATE('05-06-1990', 'DD-MM-YYYY'), 'Female', 'Single', 'Lawyer', '678-90-1244', 'Y', 'sophie.smith@email.com', 20);
END;
/
COMMIT;

-- Inserts data into the ADDRESSES table where 5 customers will have two addresses
BEGIN
INSERT INTO ADDRESSES VALUES (1, '235 Willowbreeze Lane', 'Apt 101', 'New York', 'NY', '10001');
INSERT INTO ADDRESSES VALUES (2, '235 Willowbreeze Lane', 'Apt 101', 'New York', 'NY', '10001');
INSERT INTO ADDRESSES VALUES (3, '235 Willowbreeze Lane', 'Apt 101', 'New York', 'NY', '10001');
INSERT INTO ADDRESSES VALUES (4, '235 Willowbreeze Lane', 'Apt 101', 'New York', 'NY', '10001');
INSERT INTO ADDRESSES VALUES (4, '422 Pineview Street', 'Unit 101', 'New York', 'NY', '10002'); -- Second address
INSERT INTO ADDRESSES VALUES (5, '44 Sunflower Way', 'Apt 202', 'Los Angeles', 'CA', '90001');
INSERT INTO ADDRESSES VALUES (6, '44 Sunflower Way', 'Apt 202', 'Los Angeles', 'CA', '90001');
INSERT INTO ADDRESSES VALUES (7, '44 Sunflower Way', 'Apt 202', 'Los Angeles', 'CA', '90001');
INSERT INTO ADDRESSES VALUES (7, '99 Magnolia Avenue', 'Unit 202', 'Los Angeles', 'CA', '90002'); -- Second address
INSERT INTO ADDRESSES VALUES (8, '127 Moonlight Terrace', 'Apt 303', 'Chicago', 'IL', '60601');
INSERT INTO ADDRESSES VALUES (9, '127 Moonlight Terrace', 'Apt 303', 'Chicago', 'IL', '60601');
INSERT INTO ADDRESSES VALUES (10, '88 Cedarwood Court', 'Apt 404', 'Houston', 'TX', '77001');
INSERT INTO ADDRESSES VALUES (10, '318 Oakridge Drive', 'Unit 404', 'Houston', 'TX', '77002'); -- Second address
INSERT INTO ADDRESSES VALUES (11, '303 Bluebell Lane', 'Apt 505', 'San Francisco', 'CA', '94101');
INSERT INTO ADDRESSES VALUES (12, '303 Bluebell Lane', 'Apt 505', 'San Francisco', 'CA', '94101');
INSERT INTO ADDRESSES VALUES (13, '303 Bluebell Lane', 'Apt 505', 'San Francisco', 'CA', '94101');
INSERT INTO ADDRESSES VALUES (14, '303 Bluebell Lane', 'Apt 505', 'San Francisco', 'CA', '94101');
INSERT INTO ADDRESSES VALUES (14, '27 Brookside Lane', 'Unit 505', 'San Francisco', 'CA', '94102'); -- Second address
INSERT INTO ADDRESSES VALUES (15, '17 Silverbrook Avenue', 'Apt 606', 'Boston', 'MA', '02101');
INSERT INTO ADDRESSES VALUES (16, '17 Silverbrook Avenue', 'Apt 606', 'Boston', 'MA', '02101');
INSERT INTO ADDRESSES VALUES (17, '17 Silverbrook Avenue', 'Apt 606', 'Boston', 'MA', '02101');
INSERT INTO ADDRESSES VALUES (17, '153 Willowbrook Road', 'Unit 606', 'Boston', 'MA', '02102'); -- Second address
INSERT INTO ADDRESSES VALUES (18, '49 Whispering Pines Road', 'Apt 707', 'Seattle', 'WA', '98101');
INSERT INTO ADDRESSES VALUES (19, '49 Whispering Pines Road', 'Apt 707', 'Seattle', 'WA', '98101');
INSERT INTO ADDRESSES VALUES (20, '712 Pebblebrook Drive', 'Apt 808', 'Miami', 'FL', '33101');
INSERT INTO ADDRESSES VALUES (21, '6 Starling Street', 'Apt 909', 'Dallas', 'TX', '75201');
INSERT INTO ADDRESSES VALUES (22, '6 Starling Street', 'Apt 909', 'Dallas', 'TX', '75201');
INSERT INTO ADDRESSES VALUES (23, '6 Starling Street', 'Apt 909', 'Dallas', 'TX', '75201');
INSERT INTO ADDRESSES VALUES (24, '6 Starling Street', 'Apt 909', 'Dallas', 'TX', '75201');
INSERT INTO ADDRESSES VALUES (25, '202 Ivycrest Lane', 'Apt 1010', 'Philadelphia', 'PA', '19101');
INSERT INTO ADDRESSES VALUES (26, '202 Ivycrest Lane', 'Apt 1010', 'Philadelphia', 'PA', '19101');
INSERT INTO ADDRESSES VALUES (27, '202 Ivycrest Lane', 'Apt 1010', 'Philadelphia', 'PA', '19101');
INSERT INTO ADDRESSES VALUES (28, '55 Sycamore Circle', 'Apt 1111', 'Phoenix', 'AZ', '85001');
INSERT INTO ADDRESSES VALUES (29, '55 Sycamore Circle', 'Apt 1111', 'Phoenix', 'AZ', '85001');
INSERT INTO ADDRESSES VALUES (30, '421 Riverstone Drive', 'Apt 1212', 'San Antonio', 'TX', '78201');
INSERT INTO ADDRESSES VALUES (31, '91 Larkspur Lane', 'Apt 1313', 'San Diego', 'CA', '92101');
INSERT INTO ADDRESSES VALUES (32, '91 Larkspur Lane', 'Apt 1313', 'San Diego', 'CA', '92101');
INSERT INTO ADDRESSES VALUES (33, '91 Larkspur Lane', 'Apt 1313', 'San Diego', 'CA', '92101');
INSERT INTO ADDRESSES VALUES (34, '91 Larkspur Lane', 'Apt 1313', 'San Diego', 'CA', '92101');
INSERT INTO ADDRESSES VALUES (35, '18 Quail Hollow Court', 'Apt 1414', 'Fairfax', 'VA', '22030');
INSERT INTO ADDRESSES VALUES (36, '18 Quail Hollow Court', 'Apt 1414', 'Fairfax', 'VA', '22030');
INSERT INTO ADDRESSES VALUES (37, '18 Quail Hollow Court', 'Apt 1414', 'Fairfax', 'VA', '22030');
INSERT INTO ADDRESSES VALUES (38, '333 Rainbow Ridge Road', 'Apt 1515', 'Boston', 'MA', '02101');
INSERT INTO ADDRESSES VALUES (39, '333 Rainbow Ridge Road', 'Apt 1515', 'Boston', 'MA', '02101');
INSERT INTO ADDRESSES VALUES (40, '333 Rainbow Ridge Road', 'Apt 1515', 'Boston', 'MA', '02101');
INSERT INTO ADDRESSES VALUES (41, '76 Hawthorn LaneRoad', 'Apt 1616', 'Seattle', 'WA', '98101');
INSERT INTO ADDRESSES VALUES (42, '76 Hawthorn LaneRoad', 'Apt 1616', 'Seattle', 'WA', '98101');
INSERT INTO ADDRESSES VALUES (43, '527 Meadowlark Place', 'Apt 1717', 'Miami', 'FL', '33101');
INSERT INTO ADDRESSES VALUES (44, '64 Cobblestone Avenue', 'Apt 1818', 'Dallas', 'TX', '75201');
INSERT INTO ADDRESSES VALUES (45, '64 Cobblestone Avenue', 'Apt 1818', 'Dallas', 'TX', '75201');
INSERT INTO ADDRESSES VALUES (46, '64 Cobblestone Avenue', 'Apt 1818', 'Dallas', 'TX', '75201');
INSERT INTO ADDRESSES VALUES (47, '150 Wildflower Trail', 'Apt 1919', 'Philadelphia', 'PA', '19101');
INSERT INTO ADDRESSES VALUES (48, '150 Wildflower Trail', 'Apt 1919', 'Philadelphia', 'PA', '19101');
INSERT INTO ADDRESSES VALUES (49, '150 Wildflower Trail', 'Apt 1919', 'Philadelphia', 'PA', '19101');
INSERT INTO ADDRESSES VALUES (50, '11 Autumn Oaks Drive', 'Apt 2020', 'Phoenix', 'AZ', '85001');  
END;
/
COMMIT;

-- Inserts data into the PHONES table where 5 customers will have phone numbers
BEGIN
INSERT INTO PHONES VALUES (1, '123-456-1001', 'Mobile');
INSERT INTO PHONES VALUES (2, '123-456-1002', 'Mobile');
INSERT INTO PHONES VALUES (3, '123-456-1003', 'Mobile');
INSERT INTO PHONES VALUES (4, '123-456-1004', 'Mobile');
INSERT INTO PHONES VALUES (4, '123-456-1005', 'Work'); -- Second phone number
INSERT INTO PHONES VALUES (5, '456-654-1001', 'Mobile');
INSERT INTO PHONES VALUES (6, '456-654-1002', 'Mobile');
INSERT INTO PHONES VALUES (7, '456-654-1003', 'Mobile');
INSERT INTO PHONES VALUES (7, '456-654-1004', 'Work'); -- Second phone number
INSERT INTO PHONES VALUES (8, '789-555-1001', 'Mobile');
INSERT INTO PHONES VALUES (9, '789-555-1002', 'Mobile');
INSERT INTO PHONES VALUES (10, '987-444-1001', 'Mobile');
INSERT INTO PHONES VALUES (10, '987-444-1002', 'Work'); -- Second phone number
INSERT INTO PHONES VALUES (11, '654-777-1001', 'Mobile');
INSERT INTO PHONES VALUES (12, '654-777-1002', 'Mobile');
INSERT INTO PHONES VALUES (13, '654-777-1003', 'Mobile');
INSERT INTO PHONES VALUES (14, '654-777-1004', 'Mobile');
INSERT INTO PHONES VALUES (14, '654-777-1005', 'Work'); -- Second phone number
INSERT INTO PHONES VALUES (15, '321-888-1001', 'Mobile');
INSERT INTO PHONES VALUES (16, '321-888-1002', 'Mobile');
INSERT INTO PHONES VALUES (17, '321-888-1003', 'Mobile');
INSERT INTO PHONES VALUES (17, '321-888-1004', 'Work'); -- Second phone number
INSERT INTO PHONES VALUES (18, '111-222-1001', 'Mobile');
INSERT INTO PHONES VALUES (19, '111-222-1002', 'Mobile');
INSERT INTO PHONES VALUES (20, '222-222-1002', 'Mobile');
INSERT INTO PHONES VALUES (21, '333-999-1001', 'Mobile');
INSERT INTO PHONES VALUES (22, '333-555-1001', 'Mobile');
INSERT INTO PHONES VALUES (23, '333-555-1002', 'Mobile');
INSERT INTO PHONES VALUES (24, '333-555-1003', 'Mobile');
INSERT INTO PHONES VALUES (25, '444-555-1001', 'Mobile');
INSERT INTO PHONES VALUES (26, '444-555-1002', 'Mobile');
INSERT INTO PHONES VALUES (27, '444-555-1003', 'Mobile');
INSERT INTO PHONES VALUES (28, '555-222-1001', 'Mobile');
INSERT INTO PHONES VALUES (29, '555-222-1002', 'Mobile');
INSERT INTO PHONES VALUES (30, '666-333-1001', 'Mobile');
INSERT INTO PHONES VALUES (31, '777-333-1002', 'Mobile');
INSERT INTO PHONES VALUES (32, '777-333-1003', 'Mobile');
INSERT INTO PHONES VALUES (33, '777-444-1001', 'Mobile');
INSERT INTO PHONES VALUES (34, '777-444-1002', 'Mobile');
INSERT INTO PHONES VALUES (35, '888-444-1003', 'Mobile');
INSERT INTO PHONES VALUES (36, '888-555-1001', 'Mobile');
INSERT INTO PHONES VALUES (37, '888-555-1002', 'Mobile');
INSERT INTO PHONES VALUES (38, '999-111-1001', 'Mobile');
INSERT INTO PHONES VALUES (39, '999-111-1002', 'Mobile');
INSERT INTO PHONES VALUES (40, '999-111-1003', 'Mobile');
INSERT INTO PHONES VALUES (41, '135-222-1001', 'Mobile');
INSERT INTO PHONES VALUES (42, '135-222-1002', 'Mobile');
INSERT INTO PHONES VALUES (43, '246-333-1001', 'Mobile');
INSERT INTO PHONES VALUES (44, '579-444-1001', 'Mobile');
INSERT INTO PHONES VALUES (45, '579-444-1002', 'Mobile');
INSERT INTO PHONES VALUES (46, '579-444-1003', 'Mobile');
INSERT INTO PHONES VALUES (47, '680-555-1001', 'Mobile');
INSERT INTO PHONES VALUES (48, '680-555-1002', 'Mobile');
INSERT INTO PHONES VALUES (49, '680-555-1003', 'Mobile');
INSERT INTO PHONES VALUES (50, '159-666-1001', 'Mobile');
END;
/
COMMIT;

-- Inserts 50 login credentials into the LOGIN table corresponding to the number of customers
BEGIN
INSERT INTO LOGIN VALUES (1, 'user1', 'XADFF123');
INSERT INTO LOGIN VALUES (2, 'user2', 'XCVG123');
INSERT INTO LOGIN VALUES (3, 'user3', 'LDN1123');
INSERT INTO LOGIN VALUES (4, 'user4', 'kjbkj124');
INSERT INTO LOGIN VALUES (5, 'user5', 'njkbjkb13');
INSERT INTO LOGIN VALUES (6, 'user6', 'KJHHBKK1124');
INSERT INTO LOGIN VALUES (7, 'user7', 'JKGVJYFJGS1245');
INSERT INTO LOGIN VALUES (8, 'user8', 'KJGKG145');
INSERT INTO LOGIN VALUES (9, 'user9', 'SDFHSDH578');
INSERT INTO LOGIN VALUES (10, 'user10', 'EWGEFDU4562');
INSERT INTO LOGIN VALUES (11, 'user11', 'EFEFHKS12345');
INSERT INTO LOGIN VALUES (12, 'user12', 'FEJFSLD4578');
INSERT INTO LOGIN VALUES (13, 'user13', 'SKJCNS4568');
INSERT INTO LOGIN VALUES (14, 'user14', 'SFCMNAS457');
INSERT INTO LOGIN VALUES (15, 'user15', 'PWOME4578');
INSERT INTO LOGIN VALUES (16, 'user16', 'ASDEW1224');
INSERT INTO LOGIN VALUES (17, 'user17', 'QWERDS12');
INSERT INTO LOGIN VALUES (18, 'user18', 'POQW345');
INSERT INTO LOGIN VALUES (19, 'user19', 'EPOWMDN567');
INSERT INTO LOGIN VALUES (20, 'user20', 'VNSDKUF567');
INSERT INTO LOGIN VALUES (21, 'user21', 'FGLDM1235');
INSERT INTO LOGIN VALUES (22, 'user22', 'ERIOFGN895');
INSERT INTO LOGIN VALUES (23, 'user23', 'OPREMF789');
INSERT INTO LOGIN VALUES (24, 'user24', 'FGKVK894');
INSERT INTO LOGIN VALUES (25, 'user25', 'OPPREKFM45');
INSERT INTO LOGIN VALUES (26, 'user26', 'CVKDS456');
INSERT INTO LOGIN VALUES (27, 'user27', 'CVNKD123');
INSERT INTO LOGIN VALUES (28, 'user28', 'CMXDMCC0987');
INSERT INTO LOGIN VALUES (29, 'user29', 'DSKSDF8947');
INSERT INTO LOGIN VALUES (30, 'user30', 'DDKEI5783');
INSERT INTO LOGIN VALUES (31, 'user31', 'OLKIJ5567');
INSERT INTO LOGIN VALUES (32, 'user32', 'OLKIUJD998');
INSERT INTO LOGIN VALUES (33, 'user33', 'OLKIER558');
INSERT INTO LOGIN VALUES (34, 'user34', 'LLOKIF009');
INSERT INTO LOGIN VALUES (35, 'user35', 'LAOERT555');
INSERT INTO LOGIN VALUES (36, 'user36', 'ASWERQ334');
INSERT INTO LOGIN VALUES (37, 'user37', 'QWER223');
INSERT INTO LOGIN VALUES (38, 'user38', 'RTYUE44555');
INSERT INTO LOGIN VALUES (39, 'user39', 'CCXXSS3344');
INSERT INTO LOGIN VALUES (40, 'user40', 'PPOOEE4455');
INSERT INTO LOGIN VALUES (41, 'user41', 'OOWWEE44SS');
INSERT INTO LOGIN VALUES (42, 'user42', 'password42');
INSERT INTO LOGIN VALUES (43, 'user43', 'passwDDSSd43');
INSERT INTO LOGIN VALUES (44, 'user44', 'passTTYYR4');
INSERT INTO LOGIN VALUES (45, 'user45', 'pKKDDEErd45');
INSERT INTO LOGIN VALUES (46, 'user46', 'pPPPPIIIId46');
INSERT INTO LOGIN VALUES (47, 'user47', 'password47');
INSERT INTO LOGIN VALUES (48, 'user48', 'password48');
INSERT INTO LOGIN VALUES (49, 'user49', 'password49');
INSERT INTO LOGIN VALUES (50, 'user50', 'password50');
END;
/
COMMIT;

-- Inserts 50 point account records into the POINT_ACCOUNTS table corresponding to the number of customers
BEGIN
INSERT INTO POINT_ACCOUNTS VALUES ('P475212982',347,1,30,1);
INSERT INTO POINT_ACCOUNTS VALUES ('P464447969',269,1,30,2);
INSERT INTO POINT_ACCOUNTS VALUES ('P310305552',207,1,30,3);
INSERT INTO POINT_ACCOUNTS VALUES ('P944581728',147,1,30,4);
INSERT INTO POINT_ACCOUNTS VALUES ('P888147905',140,2,30,5);
INSERT INTO POINT_ACCOUNTS VALUES ('P886753112',97,2,30,6);
INSERT INTO POINT_ACCOUNTS VALUES ('P969832793',163,2,30,7);
INSERT INTO POINT_ACCOUNTS VALUES ('P918616302',21,3,0,8);
INSERT INTO POINT_ACCOUNTS VALUES ('P413952618',9,3,30,9);
INSERT INTO POINT_ACCOUNTS VALUES ('P728749404',0,4,0,10);
INSERT INTO POINT_ACCOUNTS VALUES ('P901905739',0,5,0,11);
INSERT INTO POINT_ACCOUNTS VALUES ('P233325992',0,5,0,12);
INSERT INTO POINT_ACCOUNTS VALUES ('P321253145',0,5,0,13);
INSERT INTO POINT_ACCOUNTS VALUES ('P670840043',0,5,0,14);
INSERT INTO POINT_ACCOUNTS VALUES ('P668782795',0,6,0,15);
INSERT INTO POINT_ACCOUNTS VALUES ('P114516420',0,6,0,16);
INSERT INTO POINT_ACCOUNTS VALUES ('P548423599',0,6,0,17);
INSERT INTO POINT_ACCOUNTS VALUES ('P981150636',0,7,0,18);
INSERT INTO POINT_ACCOUNTS VALUES ('P560710375',0,7,0,19);
INSERT INTO POINT_ACCOUNTS VALUES ('P923338602',0,8,0,20);
INSERT INTO POINT_ACCOUNTS VALUES ('P688347827',0,9,0,21);
INSERT INTO POINT_ACCOUNTS VALUES ('P275768918',0,9,0,22);
INSERT INTO POINT_ACCOUNTS VALUES ('P912813461',0,9,0,23);
INSERT INTO POINT_ACCOUNTS VALUES ('P321780517',0,9,0,24);
INSERT INTO POINT_ACCOUNTS VALUES ('P894526258',0,10,0,25);
INSERT INTO POINT_ACCOUNTS VALUES ('P301739422',0,10,0,26);
INSERT INTO POINT_ACCOUNTS VALUES ('P912559347',0,10,0,27);
INSERT INTO POINT_ACCOUNTS VALUES ('P324053102',0,11,0,28);
INSERT INTO POINT_ACCOUNTS VALUES ('P826487173',0,11,0,29);
INSERT INTO POINT_ACCOUNTS VALUES ('P359897156',0,12,0,30);
INSERT INTO POINT_ACCOUNTS VALUES ('P702586489',0,13,0,31);
INSERT INTO POINT_ACCOUNTS VALUES ('P201586164',0,13,0,32);
INSERT INTO POINT_ACCOUNTS VALUES ('P421444780',0,13,0,33);
INSERT INTO POINT_ACCOUNTS VALUES ('P530240038',0,14,0,34);
INSERT INTO POINT_ACCOUNTS VALUES ('P175223735',0,14,0,35);
INSERT INTO POINT_ACCOUNTS VALUES ('P289158260',0,14,0,36);
INSERT INTO POINT_ACCOUNTS VALUES ('P548499764',0,14,0,37);
INSERT INTO POINT_ACCOUNTS VALUES ('P474249415',0,15,0,38);
INSERT INTO POINT_ACCOUNTS VALUES ('P427712448',0,15,0,39);
INSERT INTO POINT_ACCOUNTS VALUES ('P193032575',0,15,0,40);
INSERT INTO POINT_ACCOUNTS VALUES ('P674382511',0,16,0,41);
INSERT INTO POINT_ACCOUNTS VALUES ('P684576248',0,16,0,42);
INSERT INTO POINT_ACCOUNTS VALUES ('P911693321',0,17,0,43);
INSERT INTO POINT_ACCOUNTS VALUES ('P917681844',0,18,0,44);
INSERT INTO POINT_ACCOUNTS VALUES ('P176305905',0,18,0,45);
INSERT INTO POINT_ACCOUNTS VALUES ('P127144907',0,18,0,46);
INSERT INTO POINT_ACCOUNTS VALUES ('P354891138',0,19,0,47);
INSERT INTO POINT_ACCOUNTS VALUES ('P967295540',0,19,0,48);
INSERT INTO POINT_ACCOUNTS VALUES ('P563562201',0,19,0,49);
INSERT INTO POINT_ACCOUNTS VALUES ('P823086722',0,20,0,50);
END;
/
COMMIT;

-- Inserts 10 transaction records into the TRANSACTIONS table
BEGIN
INSERT INTO TRANSACTIONS VALUES ('T1',to_date('10-23-2023','MM-DD-YYYY'),'08:30 AM',1999.98,400,'Dmitri','Purchase of two iPhone 15 Pro',1,'P475212982');
INSERT INTO TRANSACTIONS VALUES ('T2',to_date('10-23-2023','MM-DD-YYYY'),'10:15 AM',349.99,100,'Dmitri','Apple Watch Series 6',2,'P464447969');
INSERT INTO TRANSACTIONS VALUES ('T3',to_date('10-23-2023','MM-DD-YYYY'),'12:45 PM',799.99,150,'Dmitri','iPad Pro purchase',3,'P310305552');
INSERT INTO TRANSACTIONS VALUES ('T4',to_date('10-23-2023','MM-DD-YYYY'),'02:30 PM',199.99,50,'Dmitri','AirPods Pro',4,'P944581728');
INSERT INTO TRANSACTIONS VALUES ('T5',to_date('10-23-2023','MM-DD-YYYY'),'04:00 PM',1299.99,300,'Dmitri','MacBook Air',5,'P888147905');
INSERT INTO TRANSACTIONS VALUES ('T6',to_date('10-23-2023','MM-DD-YYYY'),'10:30 AM',179.99,40,'Dmitri','Apple TV 4K purchase',6,'P886753112');
INSERT INTO TRANSACTIONS VALUES ('T7',to_date('10-23-2023','MM-DD-YYYY'),'02:15 PM',699.99,160,'Dmitri','Mac Mini purchase',7,'P969832793');
INSERT INTO TRANSACTIONS VALUES ('T8',to_date('10-23-2023','MM-DD-YYYY'),'04:45 PM',99.99,30,'Dmitri','HomePod Mini',8,'P918616302');
INSERT INTO TRANSACTIONS VALUES ('T9',to_date('10-27-2023','MM-DD-YYYY'),'09:00 AM',1379.98,320,'Harold','Purchase of MacBook Air and Magic Mouse 2',2,'P464447969');
INSERT INTO TRANSACTIONS VALUES ('T10',to_date('10-27-2023','MM-DD-YYYY'),'11:30 AM',549.98,150,'Harold','Purchase of AirPods Pro and Apple Watch Series 6',1,'P475212982');
END;
/
COMMIT;

-- Inserts 10 product records into the PRODUCTS table
BEGIN
INSERT INTO PRODUCTS VALUES ('P1','iPhone 15 Pro',999.99,200);
INSERT INTO PRODUCTS VALUES ('P2','MacBook Air',1299.99,300);
INSERT INTO PRODUCTS VALUES ('P3','Apple Watch Series 6',349.99,100);
INSERT INTO PRODUCTS VALUES ('P4','iPad Pro',799.99,150);
INSERT INTO PRODUCTS VALUES ('P5','AirPods Pro',199.99,50);
INSERT INTO PRODUCTS VALUES ('P6','Apple TV 4K',179.99,40);
INSERT INTO PRODUCTS VALUES ('P7','Mac Mini',699.99,160);
INSERT INTO PRODUCTS VALUES ('P8','HomePod Mini',99.99,30);
INSERT INTO PRODUCTS VALUES ('P9','Magic Mouse 2',79.99,20);
INSERT INTO PRODUCTS VALUES ('P10','Apple Pencil',129.99,20);
END;
/
COMMIT;

-- Inserts data into the TRANSACTIONS_PRODUCTS table
BEGIN
INSERT INTO TRANSACTIONS_PRODUCTS VALUES ('T1','P1',2);
INSERT INTO TRANSACTIONS_PRODUCTS VALUES ('T2','P3',1);
INSERT INTO TRANSACTIONS_PRODUCTS VALUES ('T3','P4',1);
INSERT INTO TRANSACTIONS_PRODUCTS VALUES ('T4','P5',1);
INSERT INTO TRANSACTIONS_PRODUCTS VALUES ('T5','P2',1);
INSERT INTO TRANSACTIONS_PRODUCTS VALUES ('T6','P6',1);
INSERT INTO TRANSACTIONS_PRODUCTS VALUES ('T7','P7',1);
INSERT INTO TRANSACTIONS_PRODUCTS VALUES ('T8','P8',1);
INSERT INTO TRANSACTIONS_PRODUCTS VALUES ('T9','P2',1);
INSERT INTO TRANSACTIONS_PRODUCTS VALUES ('T9','P9',1);
INSERT INTO TRANSACTIONS_PRODUCTS VALUES ('T10','P3',1);
INSERT INTO TRANSACTIONS_PRODUCTS VALUES ('T10','P5',1);
END;
/
COMMIT;

-- Inserts card records into the CARDS table where each customer has a valid card and there are at least 5 customers that have a second expired (non-valid) card
BEGIN
INSERT INTO CARDS VALUES ('4565-1708-7905',to_date('02-14-2024','MM-DD-YYYY'),'V',to_date('02-14-2023','MM-DD-YYYY'),1);
INSERT INTO CARDS VALUES ('4477-2548-8024',to_date('08-04-2024','MM-DD-YYYY'),'V',to_date('08-04-2023','MM-DD-YYYY'),2);
INSERT INTO CARDS VALUES ('4044-8778-9232',to_date('10-04-2024','MM-DD-YYYY'),'V',to_date('10-04-2023','MM-DD-YYYY'),3);
INSERT INTO CARDS VALUES ('4586-7880-9500',to_date('10-11-2024','MM-DD-YYYY'),'V',to_date('10-11-2023','MM-DD-YYYY'),4);
INSERT INTO CARDS VALUES ('4440-9395-9559',to_date('07-08-2024','MM-DD-YYYY'),'V',to_date('07-08-2023','MM-DD-YYYY'),5);
INSERT INTO CARDS VALUES ('4936-3924-9233',to_date('01-19-2024','MM-DD-YYYY'),'V',to_date('01-19-2023','MM-DD-YYYY'),6);
INSERT INTO CARDS VALUES ('4915-5375-7782',to_date('04-14-2024','MM-DD-YYYY'),'V',to_date('04-14-2023','MM-DD-YYYY'),7);
INSERT INTO CARDS VALUES ('4964-3721-8432',to_date('05-08-2024','MM-DD-YYYY'),'V',to_date('05-08-2023','MM-DD-YYYY'),8);
INSERT INTO CARDS VALUES ('4598-1164-8089',to_date('03-29-2024','MM-DD-YYYY'),'V',to_date('03-29-2023','MM-DD-YYYY'),9);
INSERT INTO CARDS VALUES ('4342-7344-8321',to_date('06-16-2024','MM-DD-YYYY'),'V',to_date('06-16-2023','MM-DD-YYYY'),10);
INSERT INTO CARDS VALUES ('4864-4605-8693',to_date('03-17-2024','MM-DD-YYYY'),'V',to_date('03-17-2023','MM-DD-YYYY'),11);
INSERT INTO CARDS VALUES ('4217-7028-8941',to_date('05-15-2024','MM-DD-YYYY'),'V',to_date('05-15-2023','MM-DD-YYYY'),12);
INSERT INTO CARDS VALUES ('4136-9762-7843',to_date('11-21-2023','MM-DD-YYYY'),'V',to_date('11-21-2022','MM-DD-YYYY'),13);
INSERT INTO CARDS VALUES ('4758-8842-7238',to_date('05-02-2024','MM-DD-YYYY'),'V',to_date('05-02-2023','MM-DD-YYYY'),14);
INSERT INTO CARDS VALUES ('4565-6063-7650',to_date('05-16-2024','MM-DD-YYYY'),'V',to_date('05-16-2023','MM-DD-YYYY'),15);
INSERT INTO CARDS VALUES ('4474-8367-9050',to_date('03-04-2024','MM-DD-YYYY'),'V',to_date('03-04-2023','MM-DD-YYYY'),16);
INSERT INTO CARDS VALUES ('4882-1966-8873',to_date('11-20-2023','MM-DD-YYYY'),'V',to_date('11-20-2022','MM-DD-YYYY'),17);
INSERT INTO CARDS VALUES ('4469-3466-8163',to_date('07-04-2024','MM-DD-YYYY'),'V',to_date('07-04-2023','MM-DD-YYYY'),18);
INSERT INTO CARDS VALUES ('4333-4761-9704',to_date('08-29-2024','MM-DD-YYYY'),'V',to_date('08-29-2023','MM-DD-YYYY'),19);
INSERT INTO CARDS VALUES ('4995-4524-7612',to_date('10-05-2024','MM-DD-YYYY'),'V',to_date('10-05-2023','MM-DD-YYYY'),20);
INSERT INTO CARDS VALUES ('4460-5876-8355',to_date('02-02-2024','MM-DD-YYYY'),'V',to_date('02-02-2023','MM-DD-YYYY'),21);
INSERT INTO CARDS VALUES ('4174-6011-9824',to_date('08-25-2024','MM-DD-YYYY'),'V',to_date('08-25-2023','MM-DD-YYYY'),22);
INSERT INTO CARDS VALUES ('4581-6216-7037',to_date('12-30-2023','MM-DD-YYYY'),'V',to_date('12-30-2022','MM-DD-YYYY'),23);
INSERT INTO CARDS VALUES ('4524-2117-9987',to_date('01-25-2024','MM-DD-YYYY'),'V',to_date('01-25-2023','MM-DD-YYYY'),24);
INSERT INTO CARDS VALUES ('4508-2701-8602',to_date('02-16-2024','MM-DD-YYYY'),'V',to_date('02-16-2023','MM-DD-YYYY'),25);
INSERT INTO CARDS VALUES ('4944-1316-9240',to_date('05-06-2024','MM-DD-YYYY'),'V',to_date('05-06-2023','MM-DD-YYYY'),26);
INSERT INTO CARDS VALUES ('4392-2645-7230',to_date('01-22-2024','MM-DD-YYYY'),'V',to_date('01-22-2023','MM-DD-YYYY'),27);
INSERT INTO CARDS VALUES ('4263-3551-8590',to_date('10-14-2024','MM-DD-YYYY'),'V',to_date('10-14-2023','MM-DD-YYYY'),28);
INSERT INTO CARDS VALUES ('4104-7015-7491',to_date('03-01-2024','MM-DD-YYYY'),'V',to_date('03-01-2023','MM-DD-YYYY'),29);
INSERT INTO CARDS VALUES ('4375-6628-9411',to_date('05-08-2024','MM-DD-YYYY'),'V',to_date('05-08-2023','MM-DD-YYYY'),30);
INSERT INTO CARDS VALUES ('4687-6730-9231',to_date('10-27-2023','MM-DD-YYYY'),'V',to_date('10-27-2022','MM-DD-YYYY'),31);
INSERT INTO CARDS VALUES ('4398-4456-7153',to_date('12-21-2023','MM-DD-YYYY'),'V',to_date('12-21-2022','MM-DD-YYYY'),32);
INSERT INTO CARDS VALUES ('4607-4921-9514',to_date('11-16-2023','MM-DD-YYYY'),'V',to_date('11-16-2022','MM-DD-YYYY'),33);
INSERT INTO CARDS VALUES ('4427-9557-8558',to_date('12-17-2023','MM-DD-YYYY'),'V',to_date('12-17-2022','MM-DD-YYYY'),34);
INSERT INTO CARDS VALUES ('4725-5757-8425',to_date('05-17-2024','MM-DD-YYYY'),'V',to_date('05-17-2023','MM-DD-YYYY'),35);
INSERT INTO CARDS VALUES ('4840-5246-7561',to_date('02-16-2024','MM-DD-YYYY'),'V',to_date('02-16-2023','MM-DD-YYYY'),36);
INSERT INTO CARDS VALUES ('4248-2584-8392',to_date('11-30-2023','MM-DD-YYYY'),'V',to_date('11-30-2022','MM-DD-YYYY'),37);
INSERT INTO CARDS VALUES ('4749-8200-7629',to_date('08-13-2024','MM-DD-YYYY'),'V',to_date('08-13-2023','MM-DD-YYYY'),38);
INSERT INTO CARDS VALUES ('4826-3502-9037',to_date('06-21-2024','MM-DD-YYYY'),'V',to_date('06-21-2023','MM-DD-YYYY'),39);
INSERT INTO CARDS VALUES ('4419-8179-7931',to_date('10-25-2023','MM-DD-YYYY'),'V',to_date('10-25-2022','MM-DD-YYYY'),40);
INSERT INTO CARDS VALUES ('4619-9236-9074',to_date('02-14-2024','MM-DD-YYYY'),'V',to_date('02-14-2023','MM-DD-YYYY'),41);
INSERT INTO CARDS VALUES ('4234-1446-9627',to_date('12-25-2023','MM-DD-YYYY'),'V',to_date('12-25-2022','MM-DD-YYYY'),42);
INSERT INTO CARDS VALUES ('4197-6749-7254',to_date('08-06-2024','MM-DD-YYYY'),'V',to_date('08-06-2023','MM-DD-YYYY'),43);
INSERT INTO CARDS VALUES ('4097-9918-7445',to_date('11-17-2023','MM-DD-YYYY'),'V',to_date('11-17-2022','MM-DD-YYYY'),44);
INSERT INTO CARDS VALUES ('4813-2874-9676',to_date('08-31-2024','MM-DD-YYYY'),'V',to_date('08-31-2023','MM-DD-YYYY'),45);
INSERT INTO CARDS VALUES ('4184-3345-7109',to_date('05-19-2024','MM-DD-YYYY'),'V',to_date('05-19-2023','MM-DD-YYYY'),46);
INSERT INTO CARDS VALUES ('4714-5657-7842',to_date('12-19-2023','MM-DD-YYYY'),'V',to_date('12-19-2022','MM-DD-YYYY'),47);
INSERT INTO CARDS VALUES ('4749-8469-9549',to_date('06-20-2024','MM-DD-YYYY'),'V',to_date('06-20-2023','MM-DD-YYYY'),48);
INSERT INTO CARDS VALUES ('4444-2501-7379',to_date('09-26-2024','MM-DD-YYYY'),'V',to_date('09-26-2023','MM-DD-YYYY'),49);
INSERT INTO CARDS VALUES ('4521-1568-8542',to_date('05-14-2024','MM-DD-YYYY'),'V',to_date('05-14-2023','MM-DD-YYYY'),50);
INSERT INTO CARDS VALUES ('4815-5941-7344',to_date('02-13-2023','MM-DD-YYYY'),'E',to_date('02-14-2022','MM-DD-YYYY'),1);
INSERT INTO CARDS VALUES ('4847-8119-8074',to_date('08-03-2023','MM-DD-YYYY'),'E',to_date('08-04-2022','MM-DD-YYYY'),2);
INSERT INTO CARDS VALUES ('4130-6748-8458',to_date('10-03-2023','MM-DD-YYYY'),'E',to_date('10-04-2022','MM-DD-YYYY'),3);
INSERT INTO CARDS VALUES ('4571-5407-8809',to_date('10-10-2023','MM-DD-YYYY'),'E',to_date('10-11-2022','MM-DD-YYYY'),4);
INSERT INTO CARDS VALUES ('4058-4121-8294',to_date('07-07-2023','MM-DD-YYYY'),'E',to_date('07-08-2022','MM-DD-YYYY'),5);
INSERT INTO CARDS VALUES ('4332-4894-9916',to_date('01-18-2023','MM-DD-YYYY'),'E',to_date('01-19-2022','MM-DD-YYYY'),6);
INSERT INTO CARDS VALUES ('4536-9847-9638',to_date('04-13-2023','MM-DD-YYYY'),'E',to_date('04-14-2022','MM-DD-YYYY'),7);
INSERT INTO CARDS VALUES ('4726-2550-8922',to_date('05-07-2023','MM-DD-YYYY'),'E',to_date('05-08-2022','MM-DD-YYYY'),8);
INSERT INTO CARDS VALUES ('4806-2901-7871',to_date('03-28-2023','MM-DD-YYYY'),'E',to_date('03-29-2022','MM-DD-YYYY'),9);
INSERT INTO CARDS VALUES ('4619-1487-8988',to_date('06-15-2023','MM-DD-YYYY'),'E',to_date('06-16-2022','MM-DD-YYYY'),10);
INSERT INTO CARDS VALUES ('4380-6650-9271',to_date('03-16-2023','MM-DD-YYYY'),'E',to_date('03-17-2022','MM-DD-YYYY'),11);
INSERT INTO CARDS VALUES ('4007-9949-9924',to_date('05-14-2023','MM-DD-YYYY'),'E',to_date('05-15-2022','MM-DD-YYYY'),12);
INSERT INTO CARDS VALUES ('4619-2496-7214',to_date('11-20-2022','MM-DD-YYYY'),'E',to_date('11-21-2021','MM-DD-YYYY'),13);
INSERT INTO CARDS VALUES ('4200-1800-9311',to_date('05-01-2023','MM-DD-YYYY'),'E',to_date('05-02-2022','MM-DD-YYYY'),14);
INSERT INTO CARDS VALUES ('4449-8264-7530',to_date('05-15-2023','MM-DD-YYYY'),'E',to_date('05-16-2022','MM-DD-YYYY'),15);
INSERT INTO CARDS VALUES ('4281-7078-9629',to_date('03-03-2023','MM-DD-YYYY'),'E',to_date('03-04-2022','MM-DD-YYYY'),16);
INSERT INTO CARDS VALUES ('4139-6958-7173',to_date('11-19-2022','MM-DD-YYYY'),'E',to_date('11-20-2021','MM-DD-YYYY'),17);
INSERT INTO CARDS VALUES ('4401-8101-9059',to_date('07-03-2023','MM-DD-YYYY'),'E',to_date('07-04-2022','MM-DD-YYYY'),18);
INSERT INTO CARDS VALUES ('4086-6585-9280',to_date('08-28-2023','MM-DD-YYYY'),'E',to_date('08-29-2022','MM-DD-YYYY'),19);
INSERT INTO CARDS VALUES ('4405-5189-9535',to_date('10-04-2023','MM-DD-YYYY'),'E',to_date('10-05-2022','MM-DD-YYYY'),20);
INSERT INTO CARDS VALUES ('4021-5588-7799',to_date('02-01-2023','MM-DD-YYYY'),'E',to_date('02-02-2022','MM-DD-YYYY'),21);
INSERT INTO CARDS VALUES ('4244-6205-8452',to_date('08-24-2023','MM-DD-YYYY'),'E',to_date('08-25-2022','MM-DD-YYYY'),22);
INSERT INTO CARDS VALUES ('4578-7095-8539',to_date('12-29-2022','MM-DD-YYYY'),'E',to_date('12-30-2021','MM-DD-YYYY'),23);
INSERT INTO CARDS VALUES ('4503-5790-8564',to_date('01-24-2023','MM-DD-YYYY'),'E',to_date('01-25-2022','MM-DD-YYYY'),24);
INSERT INTO CARDS VALUES ('4743-9860-9370',to_date('02-15-2023','MM-DD-YYYY'),'E',to_date('02-16-2022','MM-DD-YYYY'),25);
INSERT INTO CARDS VALUES ('4056-1065-9542',to_date('05-05-2023','MM-DD-YYYY'),'E',to_date('05-06-2022','MM-DD-YYYY'),26);
INSERT INTO CARDS VALUES ('4517-9502-9619',to_date('01-21-2023','MM-DD-YYYY'),'E',to_date('01-22-2022','MM-DD-YYYY'),27);
INSERT INTO CARDS VALUES ('4348-1177-9529',to_date('10-13-2023','MM-DD-YYYY'),'E',to_date('10-14-2022','MM-DD-YYYY'),28);
INSERT INTO CARDS VALUES ('4349-5191-7745',to_date('02-28-2023','MM-DD-YYYY'),'E',to_date('03-01-2022','MM-DD-YYYY'),29);
INSERT INTO CARDS VALUES ('4518-4711-8379',to_date('05-07-2023','MM-DD-YYYY'),'E',to_date('05-08-2022','MM-DD-YYYY'),30);
INSERT INTO CARDS VALUES ('4820-6759-9027',to_date('10-26-2022','MM-DD-YYYY'),'E',to_date('10-27-2021','MM-DD-YYYY'),31);
INSERT INTO CARDS VALUES ('4338-4993-9001',to_date('12-20-2022','MM-DD-YYYY'),'E',to_date('12-21-2021','MM-DD-YYYY'),32);
INSERT INTO CARDS VALUES ('4255-1245-8453',to_date('11-15-2022','MM-DD-YYYY'),'E',to_date('11-16-2021','MM-DD-YYYY'),33);
INSERT INTO CARDS VALUES ('4690-8056-7623',to_date('12-16-2022','MM-DD-YYYY'),'E',to_date('12-17-2021','MM-DD-YYYY'),34);
INSERT INTO CARDS VALUES ('4398-8938-8939',to_date('05-16-2023','MM-DD-YYYY'),'E',to_date('05-17-2022','MM-DD-YYYY'),35);
INSERT INTO CARDS VALUES ('4848-5115-9388',to_date('02-15-2023','MM-DD-YYYY'),'E',to_date('02-16-2022','MM-DD-YYYY'),36);
INSERT INTO CARDS VALUES ('4534-6428-8696',to_date('11-29-2022','MM-DD-YYYY'),'E',to_date('11-30-2021','MM-DD-YYYY'),37);
INSERT INTO CARDS VALUES ('4634-7781-8455',to_date('08-12-2023','MM-DD-YYYY'),'E',to_date('08-13-2022','MM-DD-YYYY'),38);
INSERT INTO CARDS VALUES ('4688-4334-9926',to_date('06-20-2023','MM-DD-YYYY'),'E',to_date('06-21-2022','MM-DD-YYYY'),39);
INSERT INTO CARDS VALUES ('4515-7850-9971',to_date('10-24-2022','MM-DD-YYYY'),'E',to_date('10-25-2021','MM-DD-YYYY'),40);
INSERT INTO CARDS VALUES ('4944-4586-7952',to_date('02-13-2023','MM-DD-YYYY'),'E',to_date('02-14-2022','MM-DD-YYYY'),41);
INSERT INTO CARDS VALUES ('4189-8567-9927',to_date('12-24-2022','MM-DD-YYYY'),'E',to_date('12-25-2021','MM-DD-YYYY'),42);
INSERT INTO CARDS VALUES ('4189-9978-7035',to_date('08-05-2023','MM-DD-YYYY'),'E',to_date('08-06-2022','MM-DD-YYYY'),43);
INSERT INTO CARDS VALUES ('4275-7714-9373',to_date('11-16-2022','MM-DD-YYYY'),'E',to_date('11-17-2021','MM-DD-YYYY'),44);
INSERT INTO CARDS VALUES ('4056-9239-9480',to_date('08-30-2023','MM-DD-YYYY'),'E',to_date('08-31-2022','MM-DD-YYYY'),45);
INSERT INTO CARDS VALUES ('4520-2767-8431',to_date('05-18-2023','MM-DD-YYYY'),'E',to_date('05-19-2022','MM-DD-YYYY'),46);
INSERT INTO CARDS VALUES ('4640-8952-7207',to_date('12-18-2022','MM-DD-YYYY'),'E',to_date('12-19-2021','MM-DD-YYYY'),47);
INSERT INTO CARDS VALUES ('4814-2360-7497',to_date('06-19-2023','MM-DD-YYYY'),'E',to_date('06-20-2022','MM-DD-YYYY'),48);
INSERT INTO CARDS VALUES ('4945-5577-7031',to_date('09-25-2023','MM-DD-YYYY'),'E',to_date('09-26-2022','MM-DD-YYYY'),49);
INSERT INTO CARDS VALUES ('4652-8676-7615',to_date('05-13-2023','MM-DD-YYYY'),'E',to_date('05-14-2022','MM-DD-YYYY'),50);
INSERT INTO CARDS VALUES ('4658-2788-8277',to_date('08-03-2021','MM-DD-YYYY'),'E',to_date('08-04-2020','MM-DD-YYYY'),2);
INSERT INTO CARDS VALUES ('4802-8909-8874',to_date('08-03-2022','MM-DD-YYYY'),'E',to_date('08-04-2021','MM-DD-YYYY'),2);
END;
/
COMMIT;

-- Inserts 10 offer records into the OFFERS table
BEGIN
INSERT INTO OFFERS VALUES (11, 'Clearance Sale', TO_DATE('11-05-2023', 'MM-DD-YYYY'), 'Year-end clearance sale on electronics');
INSERT INTO OFFERS VALUES (12, 'Free Gift', TO_DATE ('11-06-2023', 'MM-DD-YYYY'), 'Get a free gift with any purchase over $75');
INSERT INTO OFFERS VALUES (13, 'Weekend Special', TO_DATE ('11-07-2023', 'MM-DD-YYYY'), 'Weekend special discounts on home furniture');
INSERT INTO OFFERS VALUES (14, 'Back-to-School',TO_DATE ('11-08-2023', 'MM-DD-YYYY'), 'Back-to-school promotion with supplies bundle');
INSERT INTO OFFERS VALUES (15, 'Summer Vacation Sale',TO_DATE ('11-09-2023', 'MM-DD-YYYY'), 'Plan your summer vacation with exclusive discounts');
INSERT INTO OFFERS VALUES (16, 'Family Discount', TO_DATE ('11-11-2023', 'MM-DD-YYYY'),'Special discounts for families on clothing');
INSERT INTO OFFERS VALUES (17, 'Tech Expo', TO_DATE ('11-11-2023', 'MM-DD-YYYY'),'Tech expo event with exclusive tech offers');
INSERT INTO OFFERS VALUES (18, 'Anniversary Sale',TO_DATE ('11-1-2023', 'MM-DD-YYYY'), 'Store anniversary sale with big savings');
INSERT INTO OFFERS VALUES (19, 'Buy More, Save More', TO_DATE ('11-13-2023', 'MM-DD-YYYY'), 'Buy more, save more on selected products');
INSERT INTO OFFERS VALUES (20, 'Customer Appreciation', TO_DATE ('11-13-2023', 'MM-DD-YYYY'), 'Customer appreciation day with surprise discounts');
END;
/
COMMIT;

-- Inserts 6 branch records into the BRANCHES table
BEGIN
INSERT INTO BRANCHES VALUES (1, 'Main Street Branch', '8:00 AM - 6:00 PM', '123 Main Street, fairfax, VA');
INSERT INTO BRANCHES VALUES (2, 'Downtown Branch', '9:00 AM - 7:00 PM', '456 Downtown Avenue, Vienna, VA');
INSERT INTO BRANCHES VALUES (3, 'Hillside Branch', '8:30 AM - 5:30 PM', '789 Hillside Road, Alexandra, VA');
INSERT INTO BRANCHES VALUES (4, 'West End Branch', '10:00 AM - 8:00 PM', '101 West End Boulevard, Centreville, VA');
INSERT INTO BRANCHES VALUES (5, 'Eastside Branch', '9:30 AM - 6:30 PM', '567 Eastside Drive, Springfields, VA');
INSERT INTO BRANCHES VALUES (6, 'Lakeview Branch', '7:30 AM - 4:30 PM', '321 Lakeview Street, Ashburn, VA');
END;
/
COMMIT;

-- Inserts data into the OFFERS_BRANCHES table
BEGIN
INSERT INTO OFFERS_BRANCHES VALUES (11,1);
INSERT INTO OFFERS_BRANCHES VALUES (12,2);
INSERT INTO OFFERS_BRANCHES VALUES (13,3);
INSERT INTO OFFERS_BRANCHES VALUES (14,4);
INSERT INTO OFFERS_BRANCHES VALUES (14,5);
END;
/
COMMIT;

-- Inserts 5 exchange center records into the EXCHGCENTERS table
BEGIN
INSERT INTO EXCHGCENTERS VALUES (101, 'Downtown Exchange Center', '123 Main Street, Richmond, VA');
INSERT INTO EXCHGCENTERS VALUES (102, 'Suburban Exchange Hub', '456 Elm Avenue, Fairfax, VA');
INSERT INTO EXCHGCENTERS VALUES (103, 'Business Park Exchange', '789 Oak Road, Arlington, VA');
INSERT INTO EXCHGCENTERS VALUES (104, 'Tech District Exchange Center', '321 Tech Way, Alexandria, VA');
INSERT INTO EXCHGCENTERS VALUES (105, 'Shopping Mall Exchange', '555 Mall Street, Virginia Beach, VA');
END;
/
COMMIT;

-- Inserts 15 prizes records into the PRIZES table
BEGIN
INSERT INTO PRIZES VALUES (1,10000,'Trip to Cancun');
INSERT INTO PRIZES VALUES (2,8000,'Apple iPhone 15 Pro');
INSERT INTO PRIZES VALUES (3,4000,'Apple AirPods Pro');
INSERT INTO PRIZES VALUES (4,3000,'Apple iPad Mini');
INSERT INTO PRIZES VALUES (5,2000,'Apple TV 4K');
INSERT INTO PRIZES VALUES (6,1000,'Apple HomePod Mini');
INSERT INTO PRIZES VALUES (7,900,'Apple Magic Keyboard');
INSERT INTO PRIZES VALUES (8,800,'Apple Pencil (2nd generation)');
INSERT INTO PRIZES VALUES (9,700,'Apple Smart Folio for iPad Pro');
INSERT INTO PRIZES VALUES (10,600,'Apple Leather Case for iPhone 13 Pro');
INSERT INTO PRIZES VALUES (11,500,'Apple Watch Magnetic Charging Cable');
INSERT INTO PRIZES VALUES (12,400,'Apple Lightning to USB-C Cable');
INSERT INTO PRIZES VALUES (13,300,'Apple USB Power Adapter');
INSERT INTO PRIZES VALUES (14,200,'Apple AirTag');
INSERT INTO PRIZES VALUES (15,100,'Apple Gift Card');
END;
/
COMMIT;

-- Inserts 20 redepmtion history records in to the REDEMPTION_HISTORY table
BEGIN
INSERT INTO REDEMPTION_HISTORY VALUES(10, 15, to_date('08-10-2023','MM-DD-YYYY'), 1, 'P728749404',102);
INSERT INTO REDEMPTION_HISTORY VALUES(11, 15, to_date('08-24-2023','MM-DD-YYYY'), 1, 'P901905739', 102);
INSERT INTO REDEMPTION_HISTORY VALUES(15, 15, to_date('09-15-2023','MM-DD-YYYY'), 1, 'P668782795', 102);
INSERT INTO REDEMPTION_HISTORY VALUES(18, 15, to_date('10-01-2023','MM-DD-YYYY'), 1, 'P981150636', 102);
INSERT INTO REDEMPTION_HISTORY VALUES(20, 15, to_date('10-02-2023','MM-DD-YYYY'), 1, 'P923338602', 102);
INSERT INTO REDEMPTION_HISTORY VALUES(21, 15, to_date('10-02-2023','MM-DD-YYYY'), 1, 'P688347827', 102);
INSERT INTO REDEMPTION_HISTORY VALUES(25, 15, to_date('10-03-2023','MM-DD-YYYY'), 1, 'P894526258', 102);
INSERT INTO REDEMPTION_HISTORY VALUES(28, 15, to_date('10-10-2023','MM-DD-YYYY'), 1, 'P324053102', 102);
INSERT INTO REDEMPTION_HISTORY VALUES(30, 15, to_date('10-11-2023','MM-DD-YYYY'), 1, 'P359897156', 102);
INSERT INTO REDEMPTION_HISTORY VALUES(31, 15, to_date('10-11-2023','MM-DD-YYYY'), 1, 'P702586489', 105);
INSERT INTO REDEMPTION_HISTORY VALUES(34, 14, to_date('10-11-2023','MM-DD-YYYY'), 2, 'P530240038', 101);
INSERT INTO REDEMPTION_HISTORY VALUES(38, 15, to_date('10-12-2023','MM-DD-YYYY'), 1, 'P474249415', 101);
INSERT INTO REDEMPTION_HISTORY VALUES(41, 14, to_date('10-12-2023','MM-DD-YYYY'), 2, 'P674382511', 103);
INSERT INTO REDEMPTION_HISTORY VALUES(43, 14, to_date('10-13-2023','MM-DD-YYYY'), 2, 'P911693321', 103);
INSERT INTO REDEMPTION_HISTORY VALUES(44, 14, to_date('10-14-2023','MM-DD-YYYY'), 2, 'P917681844', 103);
INSERT INTO REDEMPTION_HISTORY VALUES(47, 14, to_date('10-15-2023','MM-DD-YYYY'), 2, 'P354891138', 104);
INSERT INTO REDEMPTION_HISTORY VALUES(50, 14, to_date('10-15-2023','MM-DD-YYYY'), 2, 'P823086722', 104);
INSERT INTO REDEMPTION_HISTORY VALUES(1, 15,  to_date('10-27-2023','MM-DD-YYYY'), 1, 'P475212982', 102);
INSERT INTO REDEMPTION_HISTORY VALUES(2, 15,  to_date('10-27-2023','MM-DD-YYYY'), 1, 'P464447969', 102);
INSERT INTO REDEMPTION_HISTORY VALUES(5, 15,  to_date('10-27-2023','MM-DD-YYYY'), 1, 'P888147905', 102);
END;
/
COMMIT;
